Team,Mat,Won,Lost,Tied,NR,W/L,Ave,RPO,Inns,HS,LS,Year
Afghanistan,3,2,1,0,0,2,32.13,4.82,3,295,180,2009
Afghanistan,13,7,6,0,0,1.166,26.69,4.56,13,289,88,2010
Afghanistan,2,2,0,0,0,-,20.16,6.08,2,213,150,2011
Afghanistan,5,1,4,0,0,0.25,20.37,4.34,5,259,104,2012
Afghanistan,4,4,0,0,0,-,50.38,5.4,4,261,-,2013
Afghanistan,14,6,8,0,0,0.75,29.43,4.85,14,302,124,2014
Afghanistan,17,8,9,0,0,0.888,22.56,4.37,17,271,63,2015
Afghanistan,12,5,6,0,1,0.833,24.6,4.75,12,283,58,2016
Afghanistan,16,8,7,0,1,1.142,24.96,4.68,15,338,111,2017
Afghanistan,20,12,7,1,0,1.714,31.7,4.92,20,333,179,2018
Afghanistan,8,4,3,0,1,1.333,32.53,4.92,8,305,138,2019
Africa XI,3,1,1,0,1,1,18.46,4.37,3,250,106,2005
Africa XI,3,0,3,0,0,0,33.59,6.14,3,318,283,2007
Asia XI,4,1,2,0,1,0.5,24.24,4.98,4,267,196,2005
Asia XI,3,3,0,0,0,-,41.04,6.56,3,337,-,2007
Australia,1,1,0,0,0,-,38.2,4.12,1,191,-,1971
Australia,3,1,2,0,0,0.5,29.13,3.96,3,240,-,1972
Australia,2,2,0,0,0,-,57.5,5.81,2,265,-,1974
Australia,7,4,3,0,0,1.333,29.83,4.52,7,328,190,1975
Australia,3,1,2,0,0,0.5,17.96,3.62,3,246,70,1977
Australia,2,1,1,0,0,1,21.4,4.52,2,181,-,1978
Australia,13,5,7,0,1,0.714,23.51,3.6,13,215,101,1979
Australia,9,4,5,0,0,0.8,29.69,4.19,9,289,142,1980
Australia,17,10,6,0,1,1.666,30.86,4.25,17,249,155,1981
Australia,15,5,9,0,1,0.555,22.37,4.08,14,230,107,1982
Australia,23,9,12,0,2,0.75,26.59,4.43,23,320,109,1983
Australia,22,9,9,1,3,1,27.63,4.44,21,264,160,1984
Australia,21,9,12,0,0,0.75,32.41,4.49,21,323,139,1985
Australia,23,12,9,0,2,1.333,28.72,4.43,22,292,70,1986
Australia,24,12,12,0,0,1,29.67,4.54,24,273,91,1987
Australia,15,11,4,0,0,2.75,32.27,4.65,15,289,202,1988
Australia,18,10,7,1,0,1.428,32.43,4.56,18,279,136,1989
Australia,23,19,4,0,0,4.75,37.93,4.7,23,332,193,1990
Australia,14,12,2,0,0,6,35.7,4.42,14,283,101,1991
Australia,21,11,8,1,1,1.375,29.03,4.25,20,265,171,1992
Australia,17,11,6,0,0,1.833,28.17,4.29,17,280,126,1993
Australia,30,19,11,0,0,1.727,32.48,4.42,30,281,126,1994
Australia,13,7,6,0,0,1.166,31.4,4.74,13,286,149,1995
Australia,26,13,13,0,0,1,32.58,4.74,26,304,184,1996
Australia,19,7,12,0,0,0.583,27.59,4.55,19,287,120,1997
Australia,25,15,10,0,0,1.5,34.93,5.16,25,324,165,1998
Australia,37,26,9,2,0,2.888,35.52,5,37,310,165,1999
Australia,23,15,6,1,1,2.5,33.38,5.14,23,349,139,2000
Australia,21,18,3,0,0,6,50.61,5.69,21,338,181,2001
Australia,29,19,8,1,1,2.375,34.43,5.12,29,332,162,2002
Australia,35,30,5,0,0,6,43.71,5.27,35,359,252,2003
Australia,26,19,5,0,2,3.8,37.45,5.45,26,359,233,2004
Australia,29,21,5,1,2,4.2,42.6,5.49,29,347,196,2005
Australia,29,20,8,0,1,2.5,37.15,5.3,29,434,93,2006
Australia,34,24,8,0,2,3,46.51,5.88,33,377,148,2007
Australia,18,13,4,0,1,3.25,31.53,4.93,18,341,159,2008
Australia,39,23,14,0,2,1.642,35.4,5.14,39,350,131,2009
Australia,25,16,8,0,1,2,37.22,5.35,25,324,190,2010
Australia,25,18,6,0,1,3,37.73,5.47,24,361,176,2011
Australia,25,11,12,1,1,0.916,29.42,5,24,321,158,2012
Australia,24,12,8,0,4,1.5,36.68,5.66,23,362,74,2013
Australia,18,13,5,0,0,2.6,35.37,5.44,18,350,154,2014
Australia,19,15,3,0,1,5,40.31,6.19,18,417,151,2015
Australia,29,17,11,0,1,1.545,36.39,5.79,28,378,142,2016
Australia,15,5,8,0,2,0.625,33.95,5.79,15,369,202,2017
Australia,13,2,11,0,0,0.181,27.68,5.51,13,310,152,2018
Australia,13,9,4,0,0,2.25,43.22,5.71,13,359,230,2019
Bangladesh,2,0,2,0,0,0,12.5,2.79,2,131,94,1986
Bangladesh,3,0,3,0,0,0,14.9,2.42,3,118,-,1988
Bangladesh,4,0,4,0,0,0,23.53,3.37,4,178,-,1990
Bangladesh,3,0,3,0,0,0,15.71,3.16,3,163,126,1995
Bangladesh,7,0,7,0,0,0,18.42,3.88,7,257,92,1997
Bangladesh,6,1,5,0,0,0.2,19.96,3.94,6,237,115,1998
Bangladesh,12,2,10,0,0,0.2,21.53,4.03,12,257,116,1999
Bangladesh,4,0,4,0,0,0,25.62,4.03,4,249,87,2000
Bangladesh,6,0,6,0,0,0,21.16,4.19,6,272,103,2001
Bangladesh,14,0,13,0,1,0,17.56,3.71,14,226,76,2002
Bangladesh,21,0,20,0,1,0,17.2,3.77,21,244,76,2003
Bangladesh,19,3,16,0,0,0.187,19.23,3.94,19,257,86,2004
Bangladesh,14,4,10,0,0,0.4,25.19,4.51,14,250,108,2005
Bangladesh,28,18,10,0,0,1.8,30.23,4.62,28,301,118,2006
Bangladesh,23,8,15,0,0,0.533,22.14,4.27,23,278,93,2007
Bangladesh,26,5,21,0,0,0.238,22.65,4.39,26,300,74,2008
Bangladesh,19,14,5,0,0,2.8,29.73,4.82,19,320,124,2009
Bangladesh,27,9,18,0,0,0.5,28.48,4.79,27,296,167,2010
Bangladesh,20,6,14,0,0,0.428,24.25,4.39,20,295,58,2011
Bangladesh,9,5,4,0,0,1.25,31.64,5.11,9,293,136,2012
Bangladesh,9,5,3,0,1,1.666,30.32,5.43,8,309,247,2013
Bangladesh,18,5,12,0,1,0.416,27.53,5.01,17,326,58,2014
Bangladesh,18,13,5,0,0,2.6,35.79,5.59,18,329,160,2015
Bangladesh,9,3,6,0,0,0.5,27.98,5.15,9,288,184,2016
Bangladesh,14,4,7,0,3,0.571,34.62,5.35,13,324,169,2017
Bangladesh,20,13,7,0,0,1.857,32.63,5.05,20,320,82,2018
Bangladesh,7,4,3,0,0,1.333,37.36,5.65,7,294,226,2019
Bermuda,12,4,8,0,0,0.5,23.43,3.98,12,272,145,2006
Bermuda,15,1,14,0,0,0.071,18.23,4.09,15,275,78,2007
Bermuda,6,2,4,0,0,0.5,24.26,4.05,6,235,-,2008
Bermuda,2,0,2,0,0,0,35.71,5,2,259,-,2009
Canada,3,0,3,0,0,0,9.96,2.15,3,139,45,1979
Canada,6,1,5,0,0,0.2,17.21,3.68,6,202,36,2003
Canada,10,2,8,0,0,0.25,20.18,4.12,10,261,75,2006
Canada,16,4,12,0,0,0.333,25.82,4.93,16,312,92,2007
Canada,6,2,4,0,0,0.5,23.78,4.74,6,276,179,2008
Canada,8,3,4,0,1,0.75,28.9,4.92,8,287,185,2009
Canada,11,4,7,0,0,0.571,24.08,4.31,11,288,108,2010
Canada,10,1,9,0,0,0.111,19.4,4.26,10,261,122,2011
Canada,1,0,1,0,0,0,17.6,3.57,1,176,176,2012
Canada,4,0,3,0,1,0,21.75,4.52,4,253,67,2013
Canada,2,0,2,0,0,0,19.05,4.26,2,210,171,2014
East Africa,3,0,3,0,0,0,12.21,2.03,3,128,94,1975
England,1,0,1,0,0,0,19,3.6,1,190,190,1971
England,3,2,1,0,0,2,30.57,4.12,3,236,-,1972
England,4,2,1,0,1,2,24.03,3.42,4,189,-,1973
England,4,2,2,0,0,1,33.17,4.12,4,266,-,1974
England,7,4,1,0,2,4,31.27,4.14,7,334,93,1975
England,3,0,3,0,0,0,20,4.23,3,202,173,1976
England,5,4,1,0,0,4,24.35,3.89,5,242,171,1977
England,5,4,1,0,0,4,29.75,4.08,5,278,122,1978
England,14,9,4,0,1,2.25,26.02,3.76,13,264,94,1979
England,8,4,4,0,0,1,26.59,4.17,8,320,139,1980
England,7,2,5,0,0,0.4,21.55,3.67,7,247,125,1981
England,7,5,2,0,0,2.5,35.53,4.87,7,295,211,1982
England,20,9,11,0,0,0.818,30.51,4.55,20,333,127,1983
England,10,6,4,0,0,1.5,26.16,4.04,10,241,168,1984
England,11,3,8,0,0,0.375,24.61,4.34,11,257,132,1985
England,8,3,5,0,0,0.6,25.04,4.02,8,286,114,1986
England,31,22,9,0,0,2.444,30.74,4.51,31,296,139,1987
England,9,6,3,0,0,2,32.71,4.15,9,245,208,1988
England,9,4,4,1,0,1,35.28,4.62,9,278,-,1989
England,16,3,11,0,2,0.272,28.43,4.35,15,295,194,1990
England,8,4,4,0,0,1,27.67,4.34,8,270,153,1991
England,18,13,4,0,1,3.25,35.03,4.88,18,363,125,1992
England,11,3,8,0,0,0.375,28.5,4.63,11,277,170,1993
England,10,5,5,0,0,1,27.16,4.2,10,253,192,1994
England,5,4,1,0,0,4,32.59,4.55,5,306,-,1995
England,20,7,12,0,1,0.583,27.81,4.51,20,292,115,1996
England,14,9,4,1,0,2.25,28.66,4.64,14,270,118,1997
England,12,3,9,0,0,0.333,27.99,4.87,12,293,149,1998
England,21,9,12,0,0,0.75,27.4,4.37,21,302,103,1999
England,21,11,9,0,1,1.222,28.81,4.34,21,306,107,2000
England,14,5,9,0,0,0.555,25.36,4.29,14,280,86,2001
England,24,11,12,0,1,0.916,30.57,5.26,24,325,89,2002
England,25,13,11,0,1,1.181,27.94,4.63,25,279,88,2003
England,21,12,8,0,1,1.5,34.79,5.13,20,307,101,2004
England,22,8,10,2,2,0.8,33.43,5.07,22,391,183,2005
England,20,5,14,0,1,0.357,27.44,5.07,20,321,125,2006
England,34,18,16,0,0,1.125,28.91,4.81,34,320,104,2007
England,21,6,11,1,3,0.545,30.04,5.27,20,340,130,2008
England,22,11,11,0,0,1,29.01,5,22,328,117,2009
England,17,12,5,0,0,2.4,35.48,5.42,17,347,212,2010
England,30,11,16,2,1,0.687,30.33,5.41,30,338,171,2011
England,15,12,2,0,1,6,46.12,5.05,15,288,182,2012
England,21,10,10,0,1,1,32.61,5.3,21,325,155,2013
England,25,9,16,0,0,0.562,28.69,5.22,25,316,99,2014
England,26,12,13,0,1,0.923,33.69,5.86,25,408,123,2015
England,18,11,5,1,1,2.2,43.42,6.21,18,444,204,2016
England,20,15,4,0,1,3.75,44.87,6.38,20,369,153,2017
England,24,17,6,0,1,2.833,39.06,6.07,24,481,196,2018
England,11,7,2,0,2,3.5,47.13,6.76,9,418,113,2019
Hong Kong,2,0,2,0,0,0,13.5,3.01,2,165,105,2004
Hong Kong,2,0,2,0,0,0,13.21,3.38,2,133,118,2008
Hong Kong,4,0,4,0,0,0,20.9,4.33,4,261,157,2014
Hong Kong,2,2,0,0,0,-,48.33,5.8,2,298,-,2015
Hong Kong,6,3,2,0,1,1.5,26.48,5.08,6,269,187,2016
Hong Kong,4,3,1,0,0,3,37.32,4.83,4,323,174,2017
Hong Kong,6,1,5,0,0,0.2,18.26,3.97,6,259,91,2018
ICC World XI,4,1,3,0,0,0.333,24.1,5.55,4,344,137,2005
India,2,0,2,0,0,0,21.8,4.3,2,265,171,1974
India,3,1,2,0,0,0.5,37.3,3.23,3,230,230,1975
India,2,0,2,0,0,0,15.5,3.48,2,156,154,1976
India,3,1,2,0,0,0.5,22.73,3.85,3,183,79,1978
India,3,0,3,0,0,0,18.76,3.45,3,191,182,1979
India,5,3,2,0,0,1.5,21.86,4.02,5,230,162,1980
India,9,1,8,0,0,0.125,19.65,3.72,9,220,63,1981
India,9,5,4,0,0,1.25,36.34,5.18,9,281,193,1982
India,19,9,10,0,0,0.9,27.85,4.32,19,282,158,1983
India,11,2,6,0,3,0.333,31.52,4.66,11,252,153,1984
India,15,9,5,0,1,1.8,31.27,4.44,15,242,125,1985
India,27,12,14,0,1,0.857,28.33,4.31,27,263,78,1986
India,22,12,10,0,0,1.2,34.44,4.97,22,299,135,1987
India,20,12,8,0,0,1.5,31.38,4.66,20,282,205,1988
India,18,4,13,0,1,0.307,22.91,4.36,17,273,112,1989
India,13,6,7,0,0,0.857,28.04,4.5,13,282,136,1990
India,14,8,5,1,0,1.6,32.82,4.39,14,287,126,1991
India,21,6,14,0,1,0.428,24.14,4.17,21,239,145,1992
India,18,11,6,1,0,1.833,30.5,4.66,18,267,100,1993
India,25,16,8,0,1,2,39.91,4.9,25,289,177,1994
India,12,7,5,0,0,1.4,33.16,4.78,12,252,160,1995
India,32,13,18,0,1,0.722,30.07,4.73,32,305,158,1996
India,39,10,23,1,5,0.434,29.67,4.73,36,300,168,1997
India,40,24,14,0,2,1.714,35.21,4.95,39,316,163,1998
India,43,21,20,0,2,1.05,33.6,4.89,43,376,120,1999
India,34,15,19,0,0,0.789,30.27,4.83,34,310,54,2000
India,24,12,12,0,0,1,32.09,4.89,24,351,127,2001
India,35,19,13,0,3,1.461,34.93,5.43,35,333,108,2002
India,28,16,10,0,2,1.6,30.56,4.82,28,353,108,2003
India,32,15,16,0,1,0.937,32.93,5.24,31,349,127,2004
India,27,15,12,0,0,1.25,35.82,5.35,27,356,144,2005
India,30,13,15,0,2,0.866,29.71,4.94,30,328,91,2006
India,37,20,15,0,2,1.333,35.78,5.34,36,413,148,2007
India,29,19,8,0,2,2.375,35.99,5.53,29,387,103,2008
India,31,17,10,0,4,1.7,41.19,5.88,28,414,149,2009
India,27,17,10,0,0,1.7,37.32,5.5,27,401,88,2010
India,34,21,10,2,1,2.1,35.85,5.51,34,418,146,2011
India,17,9,7,1,0,1.285,37.12,5.53,17,330,138,2012
India,34,22,10,0,2,2.2,38.21,5.47,33,383,146,2013
India,24,14,8,1,1,1.75,38.47,5.71,24,404,105,2014
India,23,13,9,0,1,1.444,35.03,5.42,23,317,153,2015
India,13,7,6,0,0,1.166,48.1,5.65,13,331,236,2016
India,29,21,7,0,1,3,49.3,5.93,29,392,112,2017
India,20,14,4,2,0,3.5,48.78,5.81,20,377,236,2018
India,13,8,5,0,0,1.6,36.61,5.35,13,358,92,2019
Ireland,3,1,1,0,1,1,28.77,5.18,3,274,274,2006
Ireland,19,5,12,1,1,0.416,24.62,4.55,19,308,77,2007
Ireland,11,4,6,0,1,0.666,22.47,4.2,11,285,112,2008
Ireland,8,7,1,0,0,7,37.46,4.93,8,256,-,2009
Ireland,17,11,6,0,0,1.833,28.98,4.72,17,325,177,2010
Ireland,12,4,8,0,0,0.5,27.96,5.32,12,329,96,2011
Ireland,4,2,1,0,1,2,19.87,4.09,4,237,163,2012
Ireland,7,3,2,2,0,1.5,34.75,5.05,7,275,236,2013
Ireland,5,2,3,0,0,0.666,25.15,4.45,5,241,140,2014
Ireland,15,6,7,0,2,0.857,27.32,5.05,14,331,157,2015
Ireland,9,2,7,0,0,0.285,22.12,4.71,9,265,82,2016
Ireland,16,6,9,0,1,0.666,25.59,4.92,15,304,100,2017
Ireland,13,8,5,0,0,1.6,30.46,4.98,13,331,104,2018
Ireland,11,3,7,0,1,0.428,25.53,4.77,10,327,114,2019
Kenya,9,1,7,0,1,0.142,20.27,3.76,8,254,103,1996
Kenya,6,2,4,0,0,0.5,32.48,5,6,347,190,1997
Kenya,5,2,3,0,0,0.666,27.28,4.66,5,265,196,1998
Kenya,13,2,11,0,0,0.181,23.64,4.11,13,235,123,1999
Kenya,1,0,1,0,0,0,23.11,4.16,1,208,-,2000
Kenya,9,1,8,0,0,0.125,23.11,3.85,9,246,90,2001
Kenya,9,0,8,0,1,0,17.61,3.96,9,232,84,2002
Kenya,12,4,8,0,0,0.5,21.86,4.03,12,225,104,2003
Kenya,2,0,2,0,0,0,16.82,3.48,2,192,94,2004
Kenya,16,7,9,0,0,0.777,22.17,4.16,16,305,118,2006
Kenya,17,13,4,0,0,3.25,30.83,4.81,17,328,144,2007
Kenya,8,1,5,0,2,0.2,20.6,4.31,7,285,115,2008
Kenya,18,2,15,0,1,0.133,23.67,4.58,17,270,113,2009
Kenya,11,3,8,0,0,0.375,20.06,4.01,11,233,112,2010
Kenya,8,0,8,0,0,0,18.38,3.93,8,264,69,2011
Kenya,2,1,1,0,0,1,24.69,4.12,2,201,120,2012
Kenya,6,2,4,0,0,0.5,22.43,3.94,6,254,89,2013
Kenya,2,1,1,0,0,1,32.87,6.14,2,266,260,2014
Namibia,6,0,6,0,0,0,15.37,4.23,6,250,45,2003
Namibia,1,1,0,0,0,-,32.28,4.52,1,226,-,2019
Nepal,3,1,2,0,0,0.5,17.53,3.77,3,216,134,2018
Nepal,3,2,1,0,0,2,24.4,4.74,3,255,113,2019
Netherlands,5,0,5,0,0,0,25.59,3.78,5,230,-,1996
Netherlands,2,0,2,0,0,0,11.1,2.79,2,136,86,2002
Netherlands,6,1,5,0,0,0.2,20.61,4,6,314,122,2003
Netherlands,8,3,4,0,1,0.75,24.83,5.17,8,271,91,2006
Netherlands,14,7,6,0,1,1.166,28.29,4.82,13,315,80,2007
Netherlands,4,2,2,0,0,1,19.78,3.8,4,174,117,2008
Netherlands,6,5,1,0,0,5,34.77,5.04,6,304,188,2009
Netherlands,12,5,7,0,0,0.714,26.68,4.31,12,236,125,2010
Netherlands,10,2,8,0,0,0.25,22.32,4.46,10,306,115,2011
Netherlands,2,1,1,0,0,1,41.2,5.39,2,256,-,2012
Netherlands,5,1,2,1,1,0.5,22.74,5.08,5,268,143,2013
Netherlands,2,1,1,0,0,1,59.62,5.5,2,265,-,2014
Netherlands,2,1,1,0,0,1,20.2,4.13,2,215,189,2018
New Zealand,3,1,1,0,1,1,17.25,3.31,2,187,158,1973
New Zealand,2,0,2,0,0,0,28.53,4.58,2,234,-,1974
New Zealand,6,2,2,0,2,1,27.51,3.98,6,309,158,1975
New Zealand,3,3,0,0,0,-,34.64,4.4,3,236,-,1976
New Zealand,2,0,2,0,0,0,19.94,3.51,2,187,152,1978
New Zealand,4,2,2,0,0,1,37.95,3.54,4,212,-,1979
New Zealand,7,3,4,0,0,0.75,21.63,4.01,7,224,156,1980
New Zealand,10,6,3,0,1,2,28.57,4.26,10,242,126,1981
New Zealand,3,1,2,0,0,0.5,18.92,3.69,3,240,74,1982
New Zealand,25,16,9,0,0,1.777,27.31,4.35,25,304,153,1983
New Zealand,12,5,7,0,0,0.714,22.4,4.39,12,234,116,1984
New Zealand,13,4,7,0,2,0.571,22.71,3.89,12,277,116,1985
New Zealand,20,7,12,0,1,0.583,24.36,4.08,20,284,64,1986
New Zealand,9,2,7,0,0,0.285,24.39,4.54,9,242,142,1987
New Zealand,22,8,14,0,0,0.571,27.78,4.25,22,278,143,1988
New Zealand,5,4,1,0,0,4,44.86,4.41,5,254,249,1989
New Zealand,21,6,15,0,0,0.4,25.15,4.29,21,338,74,1990
New Zealand,8,5,3,0,0,1.666,33.36,4.43,8,272,-,1991
New Zealand,20,11,8,0,1,1.375,31.05,4.37,20,272,108,1992
New Zealand,8,3,5,0,0,0.6,22.05,3.95,8,250,129,1993
New Zealand,27,6,18,1,2,0.333,23.85,4.12,27,269,110,1994
New Zealand,19,8,11,0,0,0.727,26.25,4.54,19,348,126,1995
New Zealand,22,9,12,1,0,0.75,27.34,4.72,22,307,119,1996
New Zealand,17,6,9,2,0,0.666,26.22,4.4,17,294,141,1997
New Zealand,23,9,12,0,2,0.75,28.6,4.52,23,298,119,1998
New Zealand,26,10,12,0,4,0.833,28.43,4.79,25,349,147,1999
New Zealand,25,10,13,0,2,0.769,31.04,5.07,23,302,122,2000
New Zealand,23,8,15,0,0,0.533,26.39,4.7,23,290,127,2001
New Zealand,31,12,18,0,1,0.666,25.81,4.53,31,291,122,2002
New Zealand,29,12,16,0,1,0.75,26.03,4.51,28,291,97,2003
New Zealand,25,19,4,0,2,4.75,37.09,5.12,24,347,224,2004
New Zealand,19,6,12,0,1,0.5,28.02,5.18,18,397,105,2005
New Zealand,14,9,5,0,0,1.8,29.4,5.02,14,324,165,2006
New Zealand,33,17,14,0,2,1.214,35.14,5.39,32,363,73,2007
New Zealand,16,10,3,1,2,3.333,35.85,5.33,15,402,182,2008
New Zealand,24,10,11,0,3,0.909,28.59,5.14,23,334,119,2009
New Zealand,21,6,14,0,1,0.428,25.18,5.12,20,336,103,2010
New Zealand,17,9,7,0,1,1.285,38.05,5.45,16,358,153,2011
New Zealand,15,4,10,0,1,0.4,28.19,5.21,14,373,206,2012
New Zealand,19,7,10,0,2,0.7,27.93,5.26,19,359,156,2013
New Zealand,16,9,5,1,1,1.8,37.69,5.87,15,314,160,2014
New Zealand,32,21,10,0,1,2.1,41.8,6.12,32,398,183,2015
New Zealand,18,10,7,0,1,1.428,29.65,5.49,18,341,79,2016
New Zealand,20,11,8,0,1,1.375,35.87,5.61,20,344,112,2017
New Zealand,13,8,4,0,1,2,34.1,5.33,13,339,223,2018
New Zealand,11,7,4,0,0,1.75,39.85,5.97,11,371,157,2019
Oman,1,0,1,0,0,0,8.1,2.79,1,81,81,2019
Pakistan,1,0,1,0,0,0,16.5,3.7,1,165,165,1973
Pakistan,2,2,0,0,0,-,66,5.42,2,246,-,1974
Pakistan,3,1,2,0,0,0.5,34.82,4.63,3,330,205,1975
Pakistan,1,0,1,0,0,0,21.88,4.22,1,197,-,1976
Pakistan,3,0,3,0,0,0,23.26,3.9,3,208,151,1977
Pakistan,6,3,3,0,0,1,20.75,3.46,6,205,85,1978
Pakistan,4,2,2,0,0,1,28.51,3.89,4,286,151,1979
Pakistan,3,0,3,0,0,0,25.78,4.08,3,200,-,1980
Pakistan,6,3,3,0,0,1,26.27,3.94,6,227,140,1981
Pakistan,15,7,7,0,1,1,40.16,5.08,15,263,154,1982
Pakistan,10,4,6,0,0,0.666,31.52,3.95,10,338,186,1983
Pakistan,20,6,12,0,2,0.5,22.58,4.16,19,230,134,1984
Pakistan,22,11,10,0,1,1.1,29.06,4.35,22,262,87,1985
Pakistan,19,12,6,0,1,2,25.5,3.91,19,248,113,1986
Pakistan,25,14,11,0,0,1.272,31.79,4.68,25,297,138,1987
Pakistan,15,4,11,0,0,0.363,28.32,4.85,15,294,142,1988
Pakistan,27,16,10,0,1,1.6,30.37,4.55,27,279,-,1989
Pakistan,21,16,5,0,0,3.2,30.06,4.69,21,315,161,1990
Pakistan,8,3,4,1,0,0.75,24.88,4.68,8,262,146,1991
Pakistan,28,13,13,1,1,1,29.03,4.23,28,271,74,1992
Pakistan,27,15,11,1,0,1.363,32.74,4.59,27,313,43,1993
Pakistan,28,20,7,1,0,2.857,34.29,4.5,28,328,146,1994
Pakistan,19,8,10,1,0,0.8,26,4.39,19,266,109,1995
Pakistan,39,23,15,0,1,1.533,30.18,4.91,39,371,131,1996
Pakistan,36,15,19,0,2,0.789,28.28,4.74,36,327,116,1997
Pakistan,26,12,14,0,0,0.857,31.62,5.14,26,316,114,1998
Pakistan,29,21,7,1,0,3,31.92,4.83,29,323,132,1999
Pakistan,41,20,21,0,0,0.952,27.37,4.51,41,320,117,2000
Pakistan,21,14,7,0,0,2,29.78,4.77,21,290,135,2001
Pakistan,38,23,14,0,1,1.642,31.95,4.98,38,344,108,2002
Pakistan,33,21,11,0,1,1.909,31.55,4.86,33,323,116,2003
Pakistan,27,15,12,0,0,1.25,33.15,5.21,27,344,122,2004
Pakistan,22,13,9,0,0,1.444,32.62,5.48,22,353,163,2005
Pakistan,23,11,10,0,2,1.1,29.42,4.7,23,311,89,2006
Pakistan,21,8,12,0,1,0.666,29.01,5.02,21,351,107,2007
Pakistan,21,18,3,0,0,6,44.33,5.8,21,347,190,2008
Pakistan,20,8,12,0,0,0.666,26.95,4.76,20,321,75,2009
Pakistan,18,5,13,0,0,0.384,25.69,5.14,18,385,127,2010
Pakistan,32,24,7,0,1,3.428,31.56,4.86,32,317,124,2011
Pakistan,18,7,10,0,1,0.7,29.51,4.8,18,329,130,2012
Pakistan,34,16,16,2,0,1,28.62,4.84,34,326,151,2013
Pakistan,16,6,10,0,0,0.6,28.86,5.29,16,364,102,2014
Pakistan,27,12,14,0,1,0.857,33.61,5.34,27,375,160,2015
Pakistan,11,5,6,0,0,0.833,36.08,5.85,11,337,210,2016
Pakistan,18,12,6,0,0,2,40.99,5.36,18,338,164,2017
Pakistan,18,8,9,0,1,0.888,35.33,5.32,18,399,74,2018
Pakistan,15,2,12,0,1,0.166,38.43,5.76,15,361,186,2019
P.N.G.,2,2,0,0,0,-,35.92,5.28,2,264,-,2014
P.N.G.,3,1,2,0,0,0.5,22.51,4.53,3,244,163,2016
P.N.G.,9,2,7,0,0,0.285,21.56,4.28,9,232,147,2017
P.N.G.,4,1,3,0,0,0.333,18.7,4.48,4,235,113,2018
P.N.G.,1,1,0,0,0,-,33,5,1,165,-,2019
Scotland,5,0,5,0,0,0,14.89,3.35,5,181,68,1999
Scotland,5,1,4,0,0,0.25,17.75,3.94,5,203,132,2006
Scotland,17,6,10,0,1,0.6,24.74,4.61,17,293,131,2007
Scotland,6,2,2,0,2,1,20.28,4.05,6,211,101,2008
Scotland,7,1,6,0,0,0.166,24.03,4.51,7,286,104,2009
Scotland,10,5,5,0,0,1,24.67,4.06,10,236,117,2010
Scotland,4,3,1,0,0,3,31.14,4.93,4,323,101,2011
Scotland,1,1,0,0,0,-,29.5,4.19,1,177,-,2012
Scotland,8,2,6,0,0,0.333,23.09,4.15,8,259,135,2013
Scotland,7,4,3,0,0,1.333,31.84,5.42,7,341,172,2014
Scotland,10,1,8,0,1,0.125,22.74,4.75,9,318,130,2015
Scotland,7,3,2,0,2,1.5,30.65,5.37,6,327,132,2016
Scotland,8,4,4,0,0,1,25.98,4.56,8,317,169,2017
Scotland,11,5,5,1,0,1,33.28,5.36,11,371,210,2018
Scotland,2,0,2,0,0,0,30.82,6.28,2,325,199,2019
South Africa,3,1,2,0,0,0.5,36.11,4.68,3,288,-,1991
South Africa,19,10,9,0,0,1.111,32.79,4.07,19,236,152,1992
South Africa,17,6,9,0,2,0.666,22.11,3.72,17,222,69,1993
South Africa,29,11,18,0,0,0.611,29.08,4.27,29,314,158,1994
South Africa,7,5,2,0,0,2.5,28.07,4.59,7,303,123,1995
South Africa,30,25,5,0,0,5,38.01,5.01,30,328,129,1996
South Africa,23,17,5,0,1,3.4,33.86,4.85,23,311,177,1997
South Africa,22,17,5,0,0,3.4,34.59,4.96,22,300,201,1998
South Africa,27,18,6,1,2,3,31.37,4.79,27,290,117,1999
South Africa,41,25,14,1,1,1.785,33.23,4.7,41,324,101,2000
South Africa,21,17,4,0,0,4.25,46.88,5.09,21,363,190,2001
South Africa,38,22,15,1,0,1.466,34.51,5.03,38,326,106,2002
South Africa,23,13,8,1,1,1.625,40.36,5.02,22,306,107,2003
South Africa,18,5,12,0,1,0.416,33.41,4.93,18,310,176,2004
South Africa,24,18,3,1,2,6,39.04,5.08,24,329,211,2005
South Africa,24,15,9,0,0,1.666,33.2,5.18,24,438,108,2006
South Africa,30,19,10,0,1,1.9,37.68,5.42,29,392,149,2007
South Africa,17,12,4,0,1,3,40.08,5.36,17,358,83,2008
South Africa,18,11,7,0,0,1.571,37.89,5.6,18,354,119,2009
South Africa,16,12,4,0,0,3,46.08,6.01,16,399,224,2010
South Africa,15,9,6,0,0,1.5,31.05,5.23,15,351,129,2011
South Africa,13,8,4,0,1,2,43.01,5.4,12,312,211,2012
South Africa,29,14,13,1,1,1.076,31.12,5.21,29,358,140,2013
South Africa,19,12,6,0,1,2,37.87,5.59,19,339,180,2014
South Africa,24,15,9,0,0,1.666,43.91,6.17,24,439,162,2015
South Africa,17,11,5,0,1,2.2,41.67,5.96,17,372,185,2016
South Africa,19,13,6,0,0,2.166,45.62,6,19,384,191,2017
South Africa,17,9,8,0,0,1.125,27.41,5.39,17,363,118,2018
South Africa,10,8,2,0,0,4,48.97,5.49,10,331,164,2019
Sri Lanka,3,0,3,0,0,0,20.83,3.38,3,276,86,1975
Sri Lanka,2,1,1,0,0,1,28.46,3.65,2,238,189,1979
Sri Lanka,8,2,6,0,0,0.333,31.03,5.1,8,277,218,1982
Sri Lanka,13,3,8,0,2,0.375,23.43,3.79,11,288,136,1983
Sri Lanka,7,3,4,0,0,0.75,16.82,3.47,7,190,96,1984
Sri Lanka,19,2,16,0,1,0.125,24.75,4.28,19,241,91,1985
Sri Lanka,12,3,8,0,1,0.375,20.2,3.98,11,214,55,1986
Sri Lanka,10,0,10,0,0,0,26.33,4.28,10,289,141,1987
Sri Lanka,16,4,12,0,0,0.333,24.17,4.28,16,271,159,1988
Sri Lanka,10,2,8,0,0,0.25,23.06,4.31,10,244,193,1989
Sri Lanka,15,5,10,0,0,0.5,26.84,4.52,15,288,129,1990
Sri Lanka,4,0,4,0,0,0,20.18,4.32,4,204,165,1991
Sri Lanka,19,7,10,0,2,0.7,28.17,4.49,18,313,154,1992
Sri Lanka,23,8,13,0,2,0.615,27.31,4.33,23,270,98,1993
Sri Lanka,24,9,13,0,2,0.692,31.31,4.55,23,296,154,1994
Sri Lanka,17,9,8,0,0,1.125,30.13,4.82,17,329,233,1995
Sri Lanka,30,18,10,1,1,1.8,29.51,4.87,29,398,102,1996
Sri Lanka,28,19,7,0,2,2.714,36.32,5.19,28,339,132,1997
Sri Lanka,23,11,12,0,0,0.916,28.8,4.87,23,301,98,1998
Sri Lanka,34,12,20,1,1,0.6,24.82,4.65,34,303,99,1999
Sri Lanka,21,16,5,0,0,3.2,37.14,5.14,21,299,192,2000
Sri Lanka,34,22,12,0,0,1.833,31.23,4.84,34,297,173,2001
Sri Lanka,32,15,15,0,2,1,28.69,4.75,32,292,78,2002
Sri Lanka,26,13,12,1,0,1.083,27.88,4.58,26,343,109,2003
Sri Lanka,28,20,8,0,0,2.5,31.66,4.86,28,308,141,2004
Sri Lanka,16,8,8,0,0,1,28.9,4.95,16,298,122,2005
Sri Lanka,36,19,15,0,2,1.266,33.83,5.41,34,443,130,2006
Sri Lanka,29,16,11,0,2,1.454,30.12,5.04,28,321,112,2007
Sri Lanka,27,14,11,0,2,1.272,27.41,4.77,26,357,125,2008
Sri Lanka,27,12,14,0,1,0.857,30.47,5.34,27,411,147,2009
Sri Lanka,22,15,6,0,1,2.5,37.37,5.23,22,312,115,2010
Sri Lanka,28,14,12,0,2,1.166,31.42,5.03,27,332,121,2011
Sri Lanka,33,14,16,1,2,0.875,32.72,5.26,32,320,43,2012
Sri Lanka,30,14,13,0,3,1.076,31.6,5.18,30,348,96,2013
Sri Lanka,32,20,12,0,0,1.666,32.38,5.41,32,317,67,2014
Sri Lanka,25,12,12,0,1,1,34.3,5.56,24,368,117,2015
Sri Lanka,19,6,9,1,3,0.666,30.86,5.41,17,377,165,2016
Sri Lanka,29,5,23,0,1,0.217,27.5,5.06,29,327,103,2017
Sri Lanka,17,6,10,0,1,0.6,27.83,5.49,16,366,124,2018
Sri Lanka,9,1,8,0,0,0.125,25.28,5.53,9,326,138,2019
U.A.E.,2,0,2,0,0,0,18.26,3.47,2,202,145,1994
U.A.E.,5,1,4,0,0,0.25,20.1,3.51,5,220,136,1996
U.A.E.,2,0,2,0,0,0,13.35,3.22,2,144,123,2004
U.A.E.,2,0,2,0,0,0,17.6,4.28,2,204,148,2008
U.A.E.,7,4,3,0,0,1.333,33.92,4.98,7,282,232,2014
U.A.E.,8,0,8,0,0,0,21.91,4.45,8,285,102,2015
U.A.E.,2,0,2,0,0,0,22.85,5.12,2,229,228,2016
U.A.E.,7,4,3,0,0,1.333,27.5,4.68,7,292,185,2017
U.A.E.,11,4,7,0,0,0.571,25.75,4.87,11,300,91,2018
U.A.E.,7,1,6,0,0,0.166,17.69,3.98,7,254,97,2019
U.S.A.,2,0,2,0,0,0,10.1,3.03,2,137,65,2004
U.S.A.,1,0,1,0,0,0,16.4,3.75,1,164,164,2019
West Indies,2,1,1,0,0,1,30.91,3.85,2,190,181,1973
West Indies,6,5,1,0,0,5,33.97,4.41,6,291,224,1975
West Indies,3,3,0,0,0,-,28.3,5.38,3,223,221,1976
West Indies,1,1,0,0,0,-,30.33,4.2,1,182,-,1977
West Indies,2,1,1,0,0,1,23.78,5.33,2,313,139,1978
West Indies,9,6,3,0,0,2,36.85,4.43,9,293,169,1979
West Indies,10,7,3,0,0,2.333,29.2,4.2,10,246,181,1980
West Indies,7,5,2,0,0,2.5,27.31,4.13,7,245,127,1981
West Indies,9,7,2,0,0,3.5,25.75,4.19,9,235,168,1982
West Indies,16,13,3,0,0,4.333,42.88,4.6,16,333,140,1983
West Indies,20,15,4,1,0,3.75,36.53,4.3,20,272,111,1984
West Indies,29,24,4,0,1,6,43.86,4.93,28,309,159,1985
West Indies,13,10,3,0,0,3.333,34.52,4.34,13,249,165,1986
West Indies,21,12,9,0,0,1.333,28.76,4.37,21,360,148,1987
West Indies,22,16,6,0,0,2.666,35.21,4.83,22,315,139,1988
West Indies,23,13,10,0,0,1.3,32.2,4.53,23,289,142,1989
West Indies,9,4,3,0,2,1.333,31.22,4.39,9,217,-,1990
West Indies,19,4,13,2,0,0.307,23.4,4.4,19,264,126,1991
West Indies,21,12,8,0,1,1.5,28.23,4.25,21,287,87,1992
West Indies,30,20,8,1,1,2.5,32.2,4.47,30,285,123,1993
West Indies,15,6,8,0,1,0.75,29.28,5.01,15,313,123,1994
West Indies,19,10,9,0,0,1.111,31.64,4.73,19,333,203,1995
West Indies,20,10,10,0,0,1,25.08,4.23,20,264,93,1996
West Indies,19,10,9,0,0,1.111,33.24,4.62,19,293,103,1997
West Indies,8,6,2,0,0,3,34.27,5.24,8,302,245,1998
West Indies,35,14,19,1,1,0.736,24.67,4.43,34,314,110,1999
West Indies,19,6,12,0,1,0.5,26.02,4.36,18,287,114,2000
West Indies,30,13,17,0,0,0.764,27.81,4.43,30,311,91,2001
West Indies,23,12,9,0,2,1.333,38.87,5.41,22,324,181,2002
West Indies,21,10,10,0,1,1,33.66,5.12,21,347,125,2003
West Indies,24,12,8,0,4,1.5,32.25,4.86,23,304,54,2004
West Indies,18,2,15,0,1,0.133,26.1,4.82,18,339,133,2005
West Indies,33,18,14,0,1,1.285,31.6,4.84,33,333,80,2006
West Indies,23,12,10,0,1,1.2,31.08,5.03,22,324,146,2007
West Indies,20,5,13,0,2,0.384,28.19,4.94,20,303,169,2008
West Indies,21,4,15,0,2,0.266,25.87,5.12,21,319,128,2009
West Indies,17,6,10,0,1,0.6,28.57,5.08,17,316,143,2010
West Indies,28,10,17,0,1,0.588,28.65,4.83,28,330,61,2011
West Indies,17,8,8,1,0,1,25.4,4.88,17,315,132,2012
West Indies,24,9,13,2,0,0.692,27.78,5.01,24,337,70,2013
West Indies,13,7,6,0,0,1.166,33.79,5.53,13,363,159,2014
West Indies,15,4,11,0,0,0.363,27.84,5.79,15,372,122,2015
West Indies,14,4,9,1,0,0.444,26.2,5.03,14,329,116,2016
West Indies,22,3,16,0,3,0.187,24.37,4.81,19,356,121,2017
West Indies,18,8,9,1,0,0.888,30.21,5.05,18,357,104,2018
West Indies,10,4,5,0,1,0.8,46.75,6.6,9,389,389,2019
Zimbabwe,6,1,5,0,0,0.2,23.71,3.6,6,240,155,1983
Zimbabwe,6,0,6,0,0,0,23.47,3.93,6,239,135,1987
Zimbabwe,11,1,10,0,0,0.1,25.27,4.33,11,312,134,1992
Zimbabwe,13,0,11,1,1,0,21.26,4.25,12,248,99,1993
Zimbabwe,6,2,4,0,0,0.5,22.27,3.84,6,290,105,1994
Zimbabwe,6,1,4,1,0,0.25,22.4,3.84,6,222,127,1995
Zimbabwe,16,3,12,0,1,0.25,22.28,4.06,16,267,138,1996
Zimbabwe,22,12,8,2,0,1.5,28.84,4.72,22,305,94,1997
Zimbabwe,26,6,20,0,0,0.3,28.75,4.69,26,281,138,1998
Zimbabwe,26,10,14,0,2,0.714,27.86,4.65,26,325,116,1999
Zimbabwe,32,9,23,0,0,0.391,27.08,4.35,32,290,114,2000
Zimbabwe,37,10,27,0,0,0.37,26.24,4.45,37,309,38,2001
Zimbabwe,15,4,10,0,1,0.4,30.57,5.16,15,295,210,2002
Zimbabwe,23,7,14,0,2,0.5,26.52,4.43,21,340,92,2003
Zimbabwe,28,2,25,0,1,0.08,21.45,4.17,27,277,35,2004
Zimbabwe,12,2,10,0,0,0.2,21.75,4.28,12,251,65,2005
Zimbabwe,29,8,20,0,1,0.4,23.16,4.14,29,338,69,2006
Zimbabwe,14,2,11,1,0,0.181,25.17,4.6,14,295,99,2007
Zimbabwe,12,1,11,0,0,0.09,21.24,4.42,12,303,67,2008
Zimbabwe,27,13,14,0,0,0.928,29.1,4.96,27,351,44,2009
Zimbabwe,20,7,13,0,0,0.538,25.02,4.44,20,289,104,2010
Zimbabwe,17,6,11,0,0,0.545,28.72,4.77,17,329,160,2011
Zimbabwe,3,0,3,0,0,0,20,4.14,3,231,158,2012
Zimbabwe,14,3,11,0,0,0.272,25.69,4.52,14,273,144,2013
Zimbabwe,16,3,13,0,0,0.23,22.55,4.5,16,261,128,2014
Zimbabwe,31,7,23,0,1,0.304,27.66,4.94,31,334,82,2015
Zimbabwe,11,3,6,1,1,0.5,19.29,4.11,11,257,123,2016
Zimbabwe,12,6,6,0,0,1,25.88,5.35,12,322,54,2017
Zimbabwe,26,5,20,1,0,0.25,21.76,4.53,26,333,67,2018
Zimbabwe,4,4,0,0,0,-,40.66,5.63,4,307,-,2019
